"","simID","simLabel","scenario","procedure","period","t1","t2","statistic","value"
"1","Sim","Curr-Curr","Curr","Curr","Short",65,71,"medAvgDep",0.532618337894326
"2","Sim","Curr-Curr","Curr","Curr","Short",65,71,"Q1AvgDep",0.315373340346864
"3","Sim","Curr-Curr","Curr","Curr","Short",65,71,"Q2AvgDep",0.771020590365756
"4","Sim","Curr-Curr","Curr","Curr","Short",65,71,"medFinalDep",0.641946520513878
"5","Sim","Curr-Curr","Curr","Curr","Short",65,71,"Q1finalDep",0.298240486315348
"6","Sim","Curr-Curr","Curr","Curr","Short",65,71,"Q2finalDep",1.12374125548898
"7","Sim","Curr-Curr","Curr","Curr","Short",65,71,"medLowDep",0.44384210166361
"8","Sim","Curr-Curr","Curr","Curr","Short",65,71,"Q1LowDep",0.173560443010514
"9","Sim","Curr-Curr","Curr","Curr","Short",65,71,"Q2LowDep",0.460993796906637
"10","Sim","Curr-Curr","Curr","Curr","Short",65,71,"medAAV",23.6019410188155
"11","Sim","Curr-Curr","Curr","Curr","Short",65,71,"Q1AAV",17.9158590427398
"12","Sim","Curr-Curr","Curr","Curr","Short",65,71,"Q2AAV",37.1346341974165
"13","Sim","Curr-Curr","Curr","Curr","Short",65,71,"medAvgCatch",8.16733267384951
"14","Sim","Curr-Curr","Curr","Curr","Short",65,71,"Q1AvgCatch",5.56809367490537
"15","Sim","Curr-Curr","Curr","Curr","Short",65,71,"Q2AvgCatch",10.9076104940927
"16","Sim","Curr-Curr","Curr","Curr","Short",65,71,"medLowCatch",5.45375951065077
"17","Sim","Curr-Curr","Curr","Curr","Short",65,71,"Q1LowCatch",0
"18","Sim","Curr-Curr","Curr","Curr","Short",65,71,"Q2LowCatch",7.75691917004123
"19","Sim","Curr-Curr","Curr","Curr","Short",65,71,"medProbCritBmsy",0.0228571428571429
"20","Sim","Curr-Curr","Curr","Curr","Short",65,71,"medProbCautBmsy",0.0628571428571428
"21","Sim","Curr-Curr","Curr","Curr","Short",65,71,"medProbHealBmsy",0.914285714285714
"22","Sim","Curr-Curr","Curr","Curr","Short",65,71,"medProbCritB0",0.832857142857143
"23","Sim","Curr-Curr","Curr","Curr","Short",65,71,"medProbCautB0",0.111428571428571
"24","Sim","Curr-Curr","Curr","Curr","Short",65,71,"medProbHealB0",0.0557142857142857
"25","Sim","Curr-Curr","Curr","Curr","Short",65,71,"probFtGtFmsy",0.0528571428571429
"26","Sim","Curr-Curr","Curr","Curr","Short",65,71,"yearAtDepProb",NA
"27","Sim","Curr-Curr","Curr","Curr","Short",65,71,"probAtDepYear",NA
"28","Sim","Curr-Curr","Curr","Curr","Short",65,71,"depAtYearProb",NA
"29","Sim","Curr-Curr","Curr","Curr","Short",65,71,"probGteDmsy",NA
"30","Sim","Curr-Curr","Curr","Curr","Short",65,71,"probGteLimit",NA
"31","Sim","Curr-Curr","Curr","Curr","Short",65,71,"omittedReps",NA
"32","Sim","Curr-Curr","Curr","Curr","Medium",72,78,"medAvgDep",0.812217805018493
"33","Sim","Curr-Curr","Curr","Curr","Medium",72,78,"Q1AvgDep",0.379408552508362
"34","Sim","Curr-Curr","Curr","Curr","Medium",72,78,"Q2AvgDep",1.48642891033879
"35","Sim","Curr-Curr","Curr","Curr","Medium",72,78,"medFinalDep",0.698344773600646
"36","Sim","Curr-Curr","Curr","Curr","Medium",72,78,"Q1finalDep",0.191542589854269
"37","Sim","Curr-Curr","Curr","Curr","Medium",72,78,"Q2finalDep",1.51853874534657
"38","Sim","Curr-Curr","Curr","Curr","Medium",72,78,"medLowDep",0.4670033848901
"39","Sim","Curr-Curr","Curr","Curr","Medium",72,78,"Q1LowDep",0.145119011642838
"40","Sim","Curr-Curr","Curr","Curr","Medium",72,78,"Q2LowDep",0.924622285414114
"41","Sim","Curr-Curr","Curr","Curr","Medium",72,78,"medAAV",21.2685250991916
"42","Sim","Curr-Curr","Curr","Curr","Medium",72,78,"Q1AAV",12.2905316617053
"43","Sim","Curr-Curr","Curr","Curr","Medium",72,78,"Q2AAV",36.0050599529217
"44","Sim","Curr-Curr","Curr","Curr","Medium",72,78,"medAvgCatch",13.4058520879868
"45","Sim","Curr-Curr","Curr","Curr","Medium",72,78,"Q1AvgCatch",7.53223281484447
"46","Sim","Curr-Curr","Curr","Curr","Medium",72,78,"Q2AvgCatch",21.4775639535452
"47","Sim","Curr-Curr","Curr","Curr","Medium",72,78,"medLowCatch",8.39851245077731
"48","Sim","Curr-Curr","Curr","Curr","Medium",72,78,"Q1LowCatch",3.76350964218686
"49","Sim","Curr-Curr","Curr","Curr","Medium",72,78,"Q2LowCatch",14.4531081376808
"50","Sim","Curr-Curr","Curr","Curr","Medium",72,78,"medProbCritBmsy",0.00857142857142857
"51","Sim","Curr-Curr","Curr","Curr","Medium",72,78,"medProbCautBmsy",0.0628571428571428
"52","Sim","Curr-Curr","Curr","Curr","Medium",72,78,"medProbHealBmsy",0.928571428571429
"53","Sim","Curr-Curr","Curr","Curr","Medium",72,78,"medProbCritB0",0.424285714285714
"54","Sim","Curr-Curr","Curr","Curr","Medium",72,78,"medProbCautB0",0.227142857142857
"55","Sim","Curr-Curr","Curr","Curr","Medium",72,78,"medProbHealB0",0.348571428571429
"56","Sim","Curr-Curr","Curr","Curr","Medium",72,78,"probFtGtFmsy",0.112857142857143
"57","Sim","Curr-Curr","Curr","Curr","Medium",72,78,"yearAtDepProb",NA
"58","Sim","Curr-Curr","Curr","Curr","Medium",72,78,"probAtDepYear",NA
"59","Sim","Curr-Curr","Curr","Curr","Medium",72,78,"depAtYearProb",NA
"60","Sim","Curr-Curr","Curr","Curr","Medium",72,78,"probGteDmsy",NA
"61","Sim","Curr-Curr","Curr","Curr","Medium",72,78,"probGteLimit",NA
"62","Sim","Curr-Curr","Curr","Curr","Medium",72,78,"omittedReps",NA
"63","Sim","Curr-Curr","Curr","Curr","Long",65,84,"medAvgDep",0.672439670428469
"64","Sim","Curr-Curr","Curr","Curr","Long",65,84,"Q1AvgDep",0.443393372726869
"65","Sim","Curr-Curr","Curr","Curr","Long",65,84,"Q2AvgDep",0.943721357905437
"66","Sim","Curr-Curr","Curr","Curr","Long",65,84,"medFinalDep",0.523679238529119
"67","Sim","Curr-Curr","Curr","Curr","Long",65,84,"Q1finalDep",0.170870979321272
"68","Sim","Curr-Curr","Curr","Curr","Long",65,84,"Q2finalDep",1.2484583925815
"69","Sim","Curr-Curr","Curr","Curr","Long",65,84,"medLowDep",0.166718871056941
"70","Sim","Curr-Curr","Curr","Curr","Long",65,84,"Q1LowDep",0.0571421470447102
"71","Sim","Curr-Curr","Curr","Curr","Long",65,84,"Q2LowDep",0.440464385884354
"72","Sim","Curr-Curr","Curr","Curr","Long",65,84,"medAAV",24.5402893071748
"73","Sim","Curr-Curr","Curr","Curr","Long",65,84,"Q1AAV",18.8181235023286
"74","Sim","Curr-Curr","Curr","Curr","Long",65,84,"Q2AAV",33.9171908449858
"75","Sim","Curr-Curr","Curr","Curr","Long",65,84,"medAvgCatch",10.6676429149085
"76","Sim","Curr-Curr","Curr","Curr","Long",65,84,"Q1AvgCatch",7.77072213581927
"77","Sim","Curr-Curr","Curr","Curr","Long",65,84,"Q2AvgCatch",14.0047878920103
"78","Sim","Curr-Curr","Curr","Curr","Long",65,84,"medLowCatch",2.9159866235059
"79","Sim","Curr-Curr","Curr","Curr","Long",65,84,"Q1LowCatch",0
"80","Sim","Curr-Curr","Curr","Curr","Long",65,84,"Q2LowCatch",6.04068202840436
"81","Sim","Curr-Curr","Curr","Curr","Long",65,84,"medProbCritBmsy",0.0405
"82","Sim","Curr-Curr","Curr","Curr","Long",65,84,"medProbCautBmsy",0.1035
"83","Sim","Curr-Curr","Curr","Curr","Long",65,84,"medProbHealBmsy",0.856
"84","Sim","Curr-Curr","Curr","Curr","Long",65,84,"medProbCritB0",0.6355
"85","Sim","Curr-Curr","Curr","Curr","Long",65,84,"medProbCautB0",0.1585
"86","Sim","Curr-Curr","Curr","Curr","Long",65,84,"medProbHealB0",0.206
"87","Sim","Curr-Curr","Curr","Curr","Long",65,84,"probFtGtFmsy",0.1325
"88","Sim","Curr-Curr","Curr","Curr","Long",65,84,"yearAtDepProb",NA
"89","Sim","Curr-Curr","Curr","Curr","Long",65,84,"probAtDepYear",NA
"90","Sim","Curr-Curr","Curr","Curr","Long",65,84,"depAtYearProb",NA
"91","Sim","Curr-Curr","Curr","Curr","Long",65,84,"probGteDmsy",NA
"92","Sim","Curr-Curr","Curr","Curr","Long",65,84,"probGteLimit",NA
"93","Sim","Curr-Curr","Curr","Curr","Long",65,84,"omittedReps",NA
"94","Sim","Curr-Hist","Curr","Hist","Short",65,71,"medAvgDep",0.570273608958413
"95","Sim","Curr-Hist","Curr","Hist","Short",65,71,"Q1AvgDep",0.318997822011947
"96","Sim","Curr-Hist","Curr","Hist","Short",65,71,"Q2AvgDep",0.814926576547611
"97","Sim","Curr-Hist","Curr","Hist","Short",65,71,"medFinalDep",0.708319586389525
"98","Sim","Curr-Hist","Curr","Hist","Short",65,71,"Q1finalDep",0.344719012309275
"99","Sim","Curr-Hist","Curr","Hist","Short",65,71,"Q2finalDep",1.27326767847357
"100","Sim","Curr-Hist","Curr","Hist","Short",65,71,"medLowDep",0.444444439139823
"101","Sim","Curr-Hist","Curr","Hist","Short",65,71,"Q1LowDep",0.214443722278402
"102","Sim","Curr-Hist","Curr","Hist","Short",65,71,"Q2LowDep",0.461202997238507
"103","Sim","Curr-Hist","Curr","Hist","Short",65,71,"medAAV",21.7376123097237
"104","Sim","Curr-Hist","Curr","Hist","Short",65,71,"Q1AAV",17.4648979218999
"105","Sim","Curr-Hist","Curr","Hist","Short",65,71,"Q2AAV",30.9853461387315
"106","Sim","Curr-Hist","Curr","Hist","Short",65,71,"medAvgCatch",7.31855068581384
"107","Sim","Curr-Hist","Curr","Hist","Short",65,71,"Q1AvgCatch",4.89078726726745
"108","Sim","Curr-Hist","Curr","Hist","Short",65,71,"Q2AvgCatch",9.53983850788706
"109","Sim","Curr-Hist","Curr","Hist","Short",65,71,"medLowCatch",4.72755826053314
"110","Sim","Curr-Hist","Curr","Hist","Short",65,71,"Q1LowCatch",1.72526789211881
"111","Sim","Curr-Hist","Curr","Hist","Short",65,71,"Q2LowCatch",6.26761956128608
"112","Sim","Curr-Hist","Curr","Hist","Short",65,71,"medProbCritBmsy",0.0114285714285714
"113","Sim","Curr-Hist","Curr","Hist","Short",65,71,"medProbCautBmsy",0.0528571428571429
"114","Sim","Curr-Hist","Curr","Hist","Short",65,71,"medProbHealBmsy",0.935714285714286
"115","Sim","Curr-Hist","Curr","Hist","Short",65,71,"medProbCritB0",0.797142857142857
"116","Sim","Curr-Hist","Curr","Hist","Short",65,71,"medProbCautB0",0.132857142857143
"117","Sim","Curr-Hist","Curr","Hist","Short",65,71,"medProbHealB0",0.07
"118","Sim","Curr-Hist","Curr","Hist","Short",65,71,"probFtGtFmsy",0.0214285714285714
"119","Sim","Curr-Hist","Curr","Hist","Short",65,71,"yearAtDepProb",NA
"120","Sim","Curr-Hist","Curr","Hist","Short",65,71,"probAtDepYear",NA
"121","Sim","Curr-Hist","Curr","Hist","Short",65,71,"depAtYearProb",NA
"122","Sim","Curr-Hist","Curr","Hist","Short",65,71,"probGteDmsy",NA
"123","Sim","Curr-Hist","Curr","Hist","Short",65,71,"probGteLimit",NA
"124","Sim","Curr-Hist","Curr","Hist","Short",65,71,"omittedReps",NA
"125","Sim","Curr-Hist","Curr","Hist","Medium",72,78,"medAvgDep",0.883750632340491
"126","Sim","Curr-Hist","Curr","Hist","Medium",72,78,"Q1AvgDep",0.409133277449924
"127","Sim","Curr-Hist","Curr","Hist","Medium",72,78,"Q2AvgDep",1.58050165054283
"128","Sim","Curr-Hist","Curr","Hist","Medium",72,78,"medFinalDep",0.729708402459932
"129","Sim","Curr-Hist","Curr","Hist","Medium",72,78,"Q1finalDep",0.2222105056896
"130","Sim","Curr-Hist","Curr","Hist","Medium",72,78,"Q2finalDep",1.6110533944199
"131","Sim","Curr-Hist","Curr","Hist","Medium",72,78,"medLowDep",0.509457830358121
"132","Sim","Curr-Hist","Curr","Hist","Medium",72,78,"Q1LowDep",0.169375351248017
"133","Sim","Curr-Hist","Curr","Hist","Medium",72,78,"Q2LowDep",0.994162180516184
"134","Sim","Curr-Hist","Curr","Hist","Medium",72,78,"medAAV",18.8764964419023
"135","Sim","Curr-Hist","Curr","Hist","Medium",72,78,"Q1AAV",12.3421909699097
"136","Sim","Curr-Hist","Curr","Hist","Medium",72,78,"Q2AAV",32.5723930348822
"137","Sim","Curr-Hist","Curr","Hist","Medium",72,78,"medAvgCatch",13.2967038002347
"138","Sim","Curr-Hist","Curr","Hist","Medium",72,78,"Q1AvgCatch",7.86024087202277
"139","Sim","Curr-Hist","Curr","Hist","Medium",72,78,"Q2AvgCatch",20.4095943117987
"140","Sim","Curr-Hist","Curr","Hist","Medium",72,78,"medLowCatch",8.28341028735605
"141","Sim","Curr-Hist","Curr","Hist","Medium",72,78,"Q1LowCatch",3.51505218977272
"142","Sim","Curr-Hist","Curr","Hist","Medium",72,78,"Q2LowCatch",13.0186212661864
"143","Sim","Curr-Hist","Curr","Hist","Medium",72,78,"medProbCritBmsy",0.00571428571428571
"144","Sim","Curr-Hist","Curr","Hist","Medium",72,78,"medProbCautBmsy",0.0557142857142857
"145","Sim","Curr-Hist","Curr","Hist","Medium",72,78,"medProbHealBmsy",0.938571428571429
"146","Sim","Curr-Hist","Curr","Hist","Medium",72,78,"medProbCritB0",0.378571428571429
"147","Sim","Curr-Hist","Curr","Hist","Medium",72,78,"medProbCautB0",0.227142857142857
"148","Sim","Curr-Hist","Curr","Hist","Medium",72,78,"medProbHealB0",0.394285714285714
"149","Sim","Curr-Hist","Curr","Hist","Medium",72,78,"probFtGtFmsy",0.0785714285714286
"150","Sim","Curr-Hist","Curr","Hist","Medium",72,78,"yearAtDepProb",NA
"151","Sim","Curr-Hist","Curr","Hist","Medium",72,78,"probAtDepYear",NA
"152","Sim","Curr-Hist","Curr","Hist","Medium",72,78,"depAtYearProb",NA
"153","Sim","Curr-Hist","Curr","Hist","Medium",72,78,"probGteDmsy",NA
"154","Sim","Curr-Hist","Curr","Hist","Medium",72,78,"probGteLimit",NA
"155","Sim","Curr-Hist","Curr","Hist","Medium",72,78,"omittedReps",NA
"156","Sim","Curr-Hist","Curr","Hist","Long",65,84,"medAvgDep",0.718269204267429
"157","Sim","Curr-Hist","Curr","Hist","Long",65,84,"Q1AvgDep",0.446319908900009
"158","Sim","Curr-Hist","Curr","Hist","Long",65,84,"Q2AvgDep",0.999739967904352
"159","Sim","Curr-Hist","Curr","Hist","Long",65,84,"medFinalDep",0.520522549258446
"160","Sim","Curr-Hist","Curr","Hist","Long",65,84,"Q1finalDep",0.150848681719972
"161","Sim","Curr-Hist","Curr","Hist","Long",65,84,"Q2finalDep",1.23781593026643
"162","Sim","Curr-Hist","Curr","Hist","Long",65,84,"medLowDep",0.176876458902093
"163","Sim","Curr-Hist","Curr","Hist","Long",65,84,"Q1LowDep",0.0580317396874293
"164","Sim","Curr-Hist","Curr","Hist","Long",65,84,"Q2LowDep",0.444983604813849
"165","Sim","Curr-Hist","Curr","Hist","Long",65,84,"medAAV",23.5577822839156
"166","Sim","Curr-Hist","Curr","Hist","Long",65,84,"Q1AAV",17.1854297700339
"167","Sim","Curr-Hist","Curr","Hist","Long",65,84,"Q2AAV",32.3700342264513
"168","Sim","Curr-Hist","Curr","Hist","Long",65,84,"medAvgCatch",10.3592644363509
"169","Sim","Curr-Hist","Curr","Hist","Long",65,84,"Q1AvgCatch",7.5995953688321
"170","Sim","Curr-Hist","Curr","Hist","Long",65,84,"Q2AvgCatch",13.4930486763687
"171","Sim","Curr-Hist","Curr","Hist","Long",65,84,"medLowCatch",3.44450689616718
"172","Sim","Curr-Hist","Curr","Hist","Long",65,84,"Q1LowCatch",0
"173","Sim","Curr-Hist","Curr","Hist","Long",65,84,"Q2LowCatch",5.40848808700516
"174","Sim","Curr-Hist","Curr","Hist","Long",65,84,"medProbCritBmsy",0.036
"175","Sim","Curr-Hist","Curr","Hist","Long",65,84,"medProbCautBmsy",0.0965
"176","Sim","Curr-Hist","Curr","Hist","Long",65,84,"medProbHealBmsy",0.8675
"177","Sim","Curr-Hist","Curr","Hist","Long",65,84,"medProbCritB0",0.6035
"178","Sim","Curr-Hist","Curr","Hist","Long",65,84,"medProbCautB0",0.1665
"179","Sim","Curr-Hist","Curr","Hist","Long",65,84,"medProbHealB0",0.23
"180","Sim","Curr-Hist","Curr","Hist","Long",65,84,"probFtGtFmsy",0.1075
"181","Sim","Curr-Hist","Curr","Hist","Long",65,84,"yearAtDepProb",NA
"182","Sim","Curr-Hist","Curr","Hist","Long",65,84,"probAtDepYear",NA
"183","Sim","Curr-Hist","Curr","Hist","Long",65,84,"depAtYearProb",NA
"184","Sim","Curr-Hist","Curr","Hist","Long",65,84,"probGteDmsy",NA
"185","Sim","Curr-Hist","Curr","Hist","Long",65,84,"probGteLimit",NA
"186","Sim","Curr-Hist","Curr","Hist","Long",65,84,"omittedReps",NA
"187","Sim","Curr-ccRule","Curr","ccRule","Short",65,71,"medAvgDep",0.735370913092768
"188","Sim","Curr-ccRule","Curr","ccRule","Short",65,71,"Q1AvgDep",0.439628593925344
"189","Sim","Curr-ccRule","Curr","ccRule","Short",65,71,"Q2AvgDep",0.993925712858447
"190","Sim","Curr-ccRule","Curr","ccRule","Short",65,71,"medFinalDep",1.05463953554357
"191","Sim","Curr-ccRule","Curr","ccRule","Short",65,71,"Q1finalDep",0.565614268219923
"192","Sim","Curr-ccRule","Curr","ccRule","Short",65,71,"Q2finalDep",1.62744798839189
"193","Sim","Curr-ccRule","Curr","ccRule","Short",65,71,"medLowDep",0.45120155977396
"194","Sim","Curr-ccRule","Curr","ccRule","Short",65,71,"Q1LowDep",0.298310230552675
"195","Sim","Curr-ccRule","Curr","ccRule","Short",65,71,"Q2LowDep",0.461202997238507
"196","Sim","Curr-ccRule","Curr","ccRule","Short",65,71,"medAAV",36.0429346271924
"197","Sim","Curr-ccRule","Curr","ccRule","Short",65,71,"Q1AAV",22.0441279907369
"198","Sim","Curr-ccRule","Curr","ccRule","Short",65,71,"Q2AAV",54.6524135163248
"199","Sim","Curr-ccRule","Curr","ccRule","Short",65,71,"medAvgCatch",3.03410873803627
"200","Sim","Curr-ccRule","Curr","ccRule","Short",65,71,"Q1AvgCatch",1.66807122043308
"201","Sim","Curr-ccRule","Curr","ccRule","Short",65,71,"Q2AvgCatch",4.29281018572411
"202","Sim","Curr-ccRule","Curr","ccRule","Short",65,71,"medLowCatch",1.34367903511358
"203","Sim","Curr-ccRule","Curr","ccRule","Short",65,71,"Q1LowCatch",0.90481011748762
"204","Sim","Curr-ccRule","Curr","ccRule","Short",65,71,"Q2LowCatch",1.83437782269508
"205","Sim","Curr-ccRule","Curr","ccRule","Short",65,71,"medProbCritBmsy",0
"206","Sim","Curr-ccRule","Curr","ccRule","Short",65,71,"medProbCautBmsy",0.0157142857142857
"207","Sim","Curr-ccRule","Curr","ccRule","Short",65,71,"medProbHealBmsy",0.984285714285714
"208","Sim","Curr-ccRule","Curr","ccRule","Short",65,71,"medProbCritB0",0.587142857142857
"209","Sim","Curr-ccRule","Curr","ccRule","Short",65,71,"medProbCautB0",0.237142857142857
"210","Sim","Curr-ccRule","Curr","ccRule","Short",65,71,"medProbHealB0",0.175714285714286
"211","Sim","Curr-ccRule","Curr","ccRule","Short",65,71,"probFtGtFmsy",0
"212","Sim","Curr-ccRule","Curr","ccRule","Short",65,71,"yearAtDepProb",NA
"213","Sim","Curr-ccRule","Curr","ccRule","Short",65,71,"probAtDepYear",NA
"214","Sim","Curr-ccRule","Curr","ccRule","Short",65,71,"depAtYearProb",NA
"215","Sim","Curr-ccRule","Curr","ccRule","Short",65,71,"probGteDmsy",NA
"216","Sim","Curr-ccRule","Curr","ccRule","Short",65,71,"probGteLimit",NA
"217","Sim","Curr-ccRule","Curr","ccRule","Short",65,71,"omittedReps",NA
"218","Sim","Curr-ccRule","Curr","ccRule","Medium",72,78,"medAvgDep",1.39521919975109
"219","Sim","Curr-ccRule","Curr","ccRule","Medium",72,78,"Q1AvgDep",0.85022409502032
"220","Sim","Curr-ccRule","Curr","ccRule","Medium",72,78,"Q2AvgDep",2.04969618925948
"221","Sim","Curr-ccRule","Curr","ccRule","Medium",72,78,"medFinalDep",1.23355417003228
"222","Sim","Curr-ccRule","Curr","ccRule","Medium",72,78,"Q1finalDep",0.58074006650929
"223","Sim","Curr-ccRule","Curr","ccRule","Medium",72,78,"Q2finalDep",2.19141107849346
"224","Sim","Curr-ccRule","Curr","ccRule","Medium",72,78,"medLowDep",0.943793040723772
"225","Sim","Curr-ccRule","Curr","ccRule","Medium",72,78,"Q1LowDep",0.432937300522949
"226","Sim","Curr-ccRule","Curr","ccRule","Medium",72,78,"Q2LowDep",1.38197911694642
"227","Sim","Curr-ccRule","Curr","ccRule","Medium",72,78,"medAAV",37.9601758484861
"228","Sim","Curr-ccRule","Curr","ccRule","Medium",72,78,"Q1AAV",25.1207474512146
"229","Sim","Curr-ccRule","Curr","ccRule","Medium",72,78,"Q2AAV",58.1444276096268
"230","Sim","Curr-ccRule","Curr","ccRule","Medium",72,78,"medAvgCatch",6.2226057793986
"231","Sim","Curr-ccRule","Curr","ccRule","Medium",72,78,"Q1AvgCatch",3.87330868924414
"232","Sim","Curr-ccRule","Curr","ccRule","Medium",72,78,"Q2AvgCatch",10.1065481599236
"233","Sim","Curr-ccRule","Curr","ccRule","Medium",72,78,"medLowCatch",3.16542140444707
"234","Sim","Curr-ccRule","Curr","ccRule","Medium",72,78,"Q1LowCatch",0
"235","Sim","Curr-ccRule","Curr","ccRule","Medium",72,78,"Q2LowCatch",5.35791579556274
"236","Sim","Curr-ccRule","Curr","ccRule","Medium",72,78,"medProbCritBmsy",0
"237","Sim","Curr-ccRule","Curr","ccRule","Medium",72,78,"medProbCautBmsy",0.00142857142857143
"238","Sim","Curr-ccRule","Curr","ccRule","Medium",72,78,"medProbHealBmsy",0.998571428571429
"239","Sim","Curr-ccRule","Curr","ccRule","Medium",72,78,"medProbCritB0",0.125714285714286
"240","Sim","Curr-ccRule","Curr","ccRule","Medium",72,78,"medProbCautB0",0.105714285714286
"241","Sim","Curr-ccRule","Curr","ccRule","Medium",72,78,"medProbHealB0",0.768571428571429
"242","Sim","Curr-ccRule","Curr","ccRule","Medium",72,78,"probFtGtFmsy",0
"243","Sim","Curr-ccRule","Curr","ccRule","Medium",72,78,"yearAtDepProb",NA
"244","Sim","Curr-ccRule","Curr","ccRule","Medium",72,78,"probAtDepYear",NA
"245","Sim","Curr-ccRule","Curr","ccRule","Medium",72,78,"depAtYearProb",NA
"246","Sim","Curr-ccRule","Curr","ccRule","Medium",72,78,"probGteDmsy",NA
"247","Sim","Curr-ccRule","Curr","ccRule","Medium",72,78,"probGteLimit",NA
"248","Sim","Curr-ccRule","Curr","ccRule","Medium",72,78,"omittedReps",NA
"249","Sim","Curr-ccRule","Curr","ccRule","Long",65,84,"medAvgDep",1.04706681796921
"250","Sim","Curr-ccRule","Curr","ccRule","Long",65,84,"Q1AvgDep",0.743653786152253
"251","Sim","Curr-ccRule","Curr","ccRule","Long",65,84,"Q2AvgDep",1.38835256485133
"252","Sim","Curr-ccRule","Curr","ccRule","Long",65,84,"medFinalDep",0.866023360333418
"253","Sim","Curr-ccRule","Curr","ccRule","Long",65,84,"Q1finalDep",0.383163097455815
"254","Sim","Curr-ccRule","Curr","ccRule","Long",65,84,"Q2finalDep",1.73740689293971
"255","Sim","Curr-ccRule","Curr","ccRule","Long",65,84,"medLowDep",0.40742290280537
"256","Sim","Curr-ccRule","Curr","ccRule","Long",65,84,"Q1LowDep",0.25513999979844
"257","Sim","Curr-ccRule","Curr","ccRule","Long",65,84,"Q2LowDep",0.451848056616466
"258","Sim","Curr-ccRule","Curr","ccRule","Long",65,84,"medAAV",46.0157525204988
"259","Sim","Curr-ccRule","Curr","ccRule","Long",65,84,"Q1AAV",36.8492778398612
"260","Sim","Curr-ccRule","Curr","ccRule","Long",65,84,"Q2AAV",58.7891723068888
"261","Sim","Curr-ccRule","Curr","ccRule","Long",65,84,"medAvgCatch",4.73721717597825
"262","Sim","Curr-ccRule","Curr","ccRule","Long",65,84,"Q1AvgCatch",3.37737975231531
"263","Sim","Curr-ccRule","Curr","ccRule","Long",65,84,"Q2AvgCatch",6.10788649244272
"264","Sim","Curr-ccRule","Curr","ccRule","Long",65,84,"medLowCatch",0
"265","Sim","Curr-ccRule","Curr","ccRule","Long",65,84,"Q1LowCatch",0
"266","Sim","Curr-ccRule","Curr","ccRule","Long",65,84,"Q2LowCatch",1.05578012147578
"267","Sim","Curr-ccRule","Curr","ccRule","Long",65,84,"medProbCritBmsy",0
"268","Sim","Curr-ccRule","Curr","ccRule","Long",65,84,"medProbCautBmsy",0.0115
"269","Sim","Curr-ccRule","Curr","ccRule","Long",65,84,"medProbHealBmsy",0.9885
"270","Sim","Curr-ccRule","Curr","ccRule","Long",65,84,"medProbCritB0",0.3655
"271","Sim","Curr-ccRule","Curr","ccRule","Long",65,84,"medProbCautB0",0.1785
"272","Sim","Curr-ccRule","Curr","ccRule","Long",65,84,"medProbHealB0",0.456
"273","Sim","Curr-ccRule","Curr","ccRule","Long",65,84,"probFtGtFmsy",0
"274","Sim","Curr-ccRule","Curr","ccRule","Long",65,84,"yearAtDepProb",NA
"275","Sim","Curr-ccRule","Curr","ccRule","Long",65,84,"probAtDepYear",NA
"276","Sim","Curr-ccRule","Curr","ccRule","Long",65,84,"depAtYearProb",NA
"277","Sim","Curr-ccRule","Curr","ccRule","Long",65,84,"probGteDmsy",NA
"278","Sim","Curr-ccRule","Curr","ccRule","Long",65,84,"probGteLimit",NA
"279","Sim","Curr-ccRule","Curr","ccRule","Long",65,84,"omittedReps",NA
"280","Sim","Hist-Curr","Hist","Curr","Short",65,71,"medAvgDep",0.452692095803824
"281","Sim","Hist-Curr","Hist","Curr","Short",65,71,"Q1AvgDep",0.224092111871665
"282","Sim","Hist-Curr","Hist","Curr","Short",65,71,"Q2AvgDep",0.746937403142011
"283","Sim","Hist-Curr","Hist","Curr","Short",65,71,"medFinalDep",0.664256410772893
"284","Sim","Hist-Curr","Hist","Curr","Short",65,71,"Q1finalDep",0.272098823266155
"285","Sim","Hist-Curr","Hist","Curr","Short",65,71,"Q2finalDep",1.36229406724878
"286","Sim","Hist-Curr","Hist","Curr","Short",65,71,"medLowDep",0.307765118707054
"287","Sim","Hist-Curr","Hist","Curr","Short",65,71,"Q1LowDep",0.0836289611746986
"288","Sim","Hist-Curr","Hist","Curr","Short",65,71,"Q2LowDep",0.35175441939312
"289","Sim","Hist-Curr","Hist","Curr","Short",65,71,"medAAV",27.5141259889196
"290","Sim","Hist-Curr","Hist","Curr","Short",65,71,"Q1AAV",18.6000772208764
"291","Sim","Hist-Curr","Hist","Curr","Short",65,71,"Q2AAV",53.5928475372791
"292","Sim","Hist-Curr","Hist","Curr","Short",65,71,"medAvgCatch",8.55829444969977
"293","Sim","Hist-Curr","Hist","Curr","Short",65,71,"Q1AvgCatch",4.83548725776873
"294","Sim","Hist-Curr","Hist","Curr","Short",65,71,"Q2AvgCatch",11.446041592199
"295","Sim","Hist-Curr","Hist","Curr","Short",65,71,"medLowCatch",3.78609116445869
"296","Sim","Hist-Curr","Hist","Curr","Short",65,71,"Q1LowCatch",0
"297","Sim","Hist-Curr","Hist","Curr","Short",65,71,"Q2LowCatch",8.15333587245507
"298","Sim","Hist-Curr","Hist","Curr","Short",65,71,"medProbCritBmsy",0.0585714285714286
"299","Sim","Hist-Curr","Hist","Curr","Short",65,71,"medProbCautBmsy",0.137142857142857
"300","Sim","Hist-Curr","Hist","Curr","Short",65,71,"medProbHealBmsy",0.804285714285714
"301","Sim","Hist-Curr","Hist","Curr","Short",65,71,"medProbCritB0",0.855714285714286
"302","Sim","Hist-Curr","Hist","Curr","Short",65,71,"medProbCautB0",0.0671428571428571
"303","Sim","Hist-Curr","Hist","Curr","Short",65,71,"medProbHealB0",0.0771428571428571
"304","Sim","Hist-Curr","Hist","Curr","Short",65,71,"probFtGtFmsy",0.271428571428571
"305","Sim","Hist-Curr","Hist","Curr","Short",65,71,"yearAtDepProb",NA
"306","Sim","Hist-Curr","Hist","Curr","Short",65,71,"probAtDepYear",NA
"307","Sim","Hist-Curr","Hist","Curr","Short",65,71,"depAtYearProb",NA
"308","Sim","Hist-Curr","Hist","Curr","Short",65,71,"probGteDmsy",NA
"309","Sim","Hist-Curr","Hist","Curr","Short",65,71,"probGteLimit",NA
"310","Sim","Hist-Curr","Hist","Curr","Short",65,71,"omittedReps",NA
"311","Sim","Hist-Curr","Hist","Curr","Medium",72,78,"medAvgDep",1.09163296016888
"312","Sim","Hist-Curr","Hist","Curr","Medium",72,78,"Q1AvgDep",0.422064934380024
"313","Sim","Hist-Curr","Hist","Curr","Medium",72,78,"Q2AvgDep",1.97283433307836
"314","Sim","Hist-Curr","Hist","Curr","Medium",72,78,"medFinalDep",0.918617363874727
"315","Sim","Hist-Curr","Hist","Curr","Medium",72,78,"Q1finalDep",0.27751380756893
"316","Sim","Hist-Curr","Hist","Curr","Medium",72,78,"Q2finalDep",1.82086581763552
"317","Sim","Hist-Curr","Hist","Curr","Medium",72,78,"medLowDep",0.521695763717342
"318","Sim","Hist-Curr","Hist","Curr","Medium",72,78,"Q1LowDep",0.151924471103295
"319","Sim","Hist-Curr","Hist","Curr","Medium",72,78,"Q2LowDep",1.03318724889068
"320","Sim","Hist-Curr","Hist","Curr","Medium",72,78,"medAAV",22.2095594470842
"321","Sim","Hist-Curr","Hist","Curr","Medium",72,78,"Q1AAV",13.527395037803
"322","Sim","Hist-Curr","Hist","Curr","Medium",72,78,"Q2AAV",36.7133313146392
"323","Sim","Hist-Curr","Hist","Curr","Medium",72,78,"medAvgCatch",16.1700731636723
"324","Sim","Hist-Curr","Hist","Curr","Medium",72,78,"Q1AvgCatch",7.01833271882093
"325","Sim","Hist-Curr","Hist","Curr","Medium",72,78,"Q2AvgCatch",27.9747597217058
"326","Sim","Hist-Curr","Hist","Curr","Medium",72,78,"medLowCatch",9.54500495734571
"327","Sim","Hist-Curr","Hist","Curr","Medium",72,78,"Q1LowCatch",0
"328","Sim","Hist-Curr","Hist","Curr","Medium",72,78,"Q2LowCatch",18.3848360852451
"329","Sim","Hist-Curr","Hist","Curr","Medium",72,78,"medProbCritBmsy",0.02
"330","Sim","Hist-Curr","Hist","Curr","Medium",72,78,"medProbCautBmsy",0.0342857142857143
"331","Sim","Hist-Curr","Hist","Curr","Medium",72,78,"medProbHealBmsy",0.945714285714286
"332","Sim","Hist-Curr","Hist","Curr","Medium",72,78,"medProbCritB0",0.358571428571429
"333","Sim","Hist-Curr","Hist","Curr","Medium",72,78,"medProbCautB0",0.158571428571429
"334","Sim","Hist-Curr","Hist","Curr","Medium",72,78,"medProbHealB0",0.482857142857143
"335","Sim","Hist-Curr","Hist","Curr","Medium",72,78,"probFtGtFmsy",0.167142857142857
"336","Sim","Hist-Curr","Hist","Curr","Medium",72,78,"yearAtDepProb",NA
"337","Sim","Hist-Curr","Hist","Curr","Medium",72,78,"probAtDepYear",NA
"338","Sim","Hist-Curr","Hist","Curr","Medium",72,78,"depAtYearProb",NA
"339","Sim","Hist-Curr","Hist","Curr","Medium",72,78,"probGteDmsy",NA
"340","Sim","Hist-Curr","Hist","Curr","Medium",72,78,"probGteLimit",NA
"341","Sim","Hist-Curr","Hist","Curr","Medium",72,78,"omittedReps",NA
"342","Sim","Hist-Curr","Hist","Curr","Long",65,84,"medAvgDep",0.779135679551321
"343","Sim","Hist-Curr","Hist","Curr","Long",65,84,"Q1AvgDep",0.448975122697649
"344","Sim","Hist-Curr","Hist","Curr","Long",65,84,"Q2AvgDep",1.12582802076883
"345","Sim","Hist-Curr","Hist","Curr","Long",65,84,"medFinalDep",0.533207253029398
"346","Sim","Hist-Curr","Hist","Curr","Long",65,84,"Q1finalDep",0.149107485420437
"347","Sim","Hist-Curr","Hist","Curr","Long",65,84,"Q2finalDep",1.76637603950944
"348","Sim","Hist-Curr","Hist","Curr","Long",65,84,"medLowDep",0.152970821641398
"349","Sim","Hist-Curr","Hist","Curr","Long",65,84,"Q1LowDep",0.04520199817356
"350","Sim","Hist-Curr","Hist","Curr","Long",65,84,"Q2LowDep",0.329423090650675
"351","Sim","Hist-Curr","Hist","Curr","Long",65,84,"medAAV",26.8960531432964
"352","Sim","Hist-Curr","Hist","Curr","Long",65,84,"Q1AAV",19.1191815983156
"353","Sim","Hist-Curr","Hist","Curr","Long",65,84,"Q2AAV",35.1725754686781
"354","Sim","Hist-Curr","Hist","Curr","Long",65,84,"medAvgCatch",13.4711167122379
"355","Sim","Hist-Curr","Hist","Curr","Long",65,84,"Q1AvgCatch",8.14316118920527
"356","Sim","Hist-Curr","Hist","Curr","Long",65,84,"Q2AvgCatch",18.5860686962457
"357","Sim","Hist-Curr","Hist","Curr","Long",65,84,"medLowCatch",0
"358","Sim","Hist-Curr","Hist","Curr","Long",65,84,"Q1LowCatch",0
"359","Sim","Hist-Curr","Hist","Curr","Long",65,84,"Q2LowCatch",6.42208945106764
"360","Sim","Hist-Curr","Hist","Curr","Long",65,84,"medProbCritBmsy",0.059
"361","Sim","Hist-Curr","Hist","Curr","Long",65,84,"medProbCautBmsy",0.1055
"362","Sim","Hist-Curr","Hist","Curr","Long",65,84,"medProbHealBmsy",0.8355
"363","Sim","Hist-Curr","Hist","Curr","Long",65,84,"medProbCritB0",0.6005
"364","Sim","Hist-Curr","Hist","Curr","Long",65,84,"medProbCautB0",0.1115
"365","Sim","Hist-Curr","Hist","Curr","Long",65,84,"medProbHealB0",0.288
"366","Sim","Hist-Curr","Hist","Curr","Long",65,84,"probFtGtFmsy",0.2675
"367","Sim","Hist-Curr","Hist","Curr","Long",65,84,"yearAtDepProb",NA
"368","Sim","Hist-Curr","Hist","Curr","Long",65,84,"probAtDepYear",NA
"369","Sim","Hist-Curr","Hist","Curr","Long",65,84,"depAtYearProb",NA
"370","Sim","Hist-Curr","Hist","Curr","Long",65,84,"probGteDmsy",NA
"371","Sim","Hist-Curr","Hist","Curr","Long",65,84,"probGteLimit",NA
"372","Sim","Hist-Curr","Hist","Curr","Long",65,84,"omittedReps",NA
"373","Sim","Hist-Hist","Hist","Hist","Short",65,71,"medAvgDep",0.514195233277132
"374","Sim","Hist-Hist","Hist","Hist","Short",65,71,"Q1AvgDep",0.273794995900175
"375","Sim","Hist-Hist","Hist","Hist","Short",65,71,"Q2AvgDep",0.811625978774396
"376","Sim","Hist-Hist","Hist","Hist","Short",65,71,"medFinalDep",0.789449872999715
"377","Sim","Hist-Hist","Hist","Hist","Short",65,71,"Q1finalDep",0.328159693308957
"378","Sim","Hist-Hist","Hist","Hist","Short",65,71,"Q2finalDep",1.50773608460379
"379","Sim","Hist-Hist","Hist","Hist","Short",65,71,"medLowDep",0.340161908052335
"380","Sim","Hist-Hist","Hist","Hist","Short",65,71,"Q1LowDep",0.119810182115609
"381","Sim","Hist-Hist","Hist","Hist","Short",65,71,"Q2LowDep",0.352608414170457
"382","Sim","Hist-Hist","Hist","Hist","Short",65,71,"medAAV",26.0158963289965
"383","Sim","Hist-Hist","Hist","Hist","Short",65,71,"Q1AAV",18.0347906359762
"384","Sim","Hist-Hist","Hist","Hist","Short",65,71,"Q2AAV",47.7573044184762
"385","Sim","Hist-Hist","Hist","Hist","Short",65,71,"medAvgCatch",7.91318753388643
"386","Sim","Hist-Hist","Hist","Hist","Short",65,71,"Q1AvgCatch",4.29472292373703
"387","Sim","Hist-Hist","Hist","Hist","Short",65,71,"Q2AvgCatch",10.3446356860092
"388","Sim","Hist-Hist","Hist","Hist","Short",65,71,"medLowCatch",4.15435070722974
"389","Sim","Hist-Hist","Hist","Hist","Short",65,71,"Q1LowCatch",0
"390","Sim","Hist-Hist","Hist","Hist","Short",65,71,"Q2LowCatch",7.03827753828389
"391","Sim","Hist-Hist","Hist","Hist","Short",65,71,"medProbCritBmsy",0.0371428571428571
"392","Sim","Hist-Hist","Hist","Hist","Short",65,71,"medProbCautBmsy",0.102857142857143
"393","Sim","Hist-Hist","Hist","Hist","Short",65,71,"medProbHealBmsy",0.86
"394","Sim","Hist-Hist","Hist","Hist","Short",65,71,"medProbCritB0",0.811428571428571
"395","Sim","Hist-Hist","Hist","Hist","Short",65,71,"medProbCautB0",0.0942857142857143
"396","Sim","Hist-Hist","Hist","Hist","Short",65,71,"medProbHealB0",0.0942857142857143
"397","Sim","Hist-Hist","Hist","Hist","Short",65,71,"probFtGtFmsy",0.131428571428571
"398","Sim","Hist-Hist","Hist","Hist","Short",65,71,"yearAtDepProb",NA
"399","Sim","Hist-Hist","Hist","Hist","Short",65,71,"probAtDepYear",NA
"400","Sim","Hist-Hist","Hist","Hist","Short",65,71,"depAtYearProb",NA
"401","Sim","Hist-Hist","Hist","Hist","Short",65,71,"probGteDmsy",NA
"402","Sim","Hist-Hist","Hist","Hist","Short",65,71,"probGteLimit",NA
"403","Sim","Hist-Hist","Hist","Hist","Short",65,71,"omittedReps",NA
"404","Sim","Hist-Hist","Hist","Hist","Medium",72,78,"medAvgDep",1.07621897097769
"405","Sim","Hist-Hist","Hist","Hist","Medium",72,78,"Q1AvgDep",0.478036041261474
"406","Sim","Hist-Hist","Hist","Hist","Medium",72,78,"Q2AvgDep",2.09590717477619
"407","Sim","Hist-Hist","Hist","Hist","Medium",72,78,"medFinalDep",0.976213114716965
"408","Sim","Hist-Hist","Hist","Hist","Medium",72,78,"Q1finalDep",0.264866594930344
"409","Sim","Hist-Hist","Hist","Hist","Medium",72,78,"Q2finalDep",1.9437135442123
"410","Sim","Hist-Hist","Hist","Hist","Medium",72,78,"medLowDep",0.629895619208254
"411","Sim","Hist-Hist","Hist","Hist","Medium",72,78,"Q1LowDep",0.163398550112542
"412","Sim","Hist-Hist","Hist","Hist","Medium",72,78,"Q2LowDep",1.19796261612534
"413","Sim","Hist-Hist","Hist","Hist","Medium",72,78,"medAAV",20.2459026919076
"414","Sim","Hist-Hist","Hist","Hist","Medium",72,78,"Q1AAV",11.9071232509268
"415","Sim","Hist-Hist","Hist","Hist","Medium",72,78,"Q2AAV",32.5813729697808
"416","Sim","Hist-Hist","Hist","Hist","Medium",72,78,"medAvgCatch",17.3591449616327
"417","Sim","Hist-Hist","Hist","Hist","Medium",72,78,"Q1AvgCatch",8.00978047573935
"418","Sim","Hist-Hist","Hist","Hist","Medium",72,78,"Q2AvgCatch",27.5295793264243
"419","Sim","Hist-Hist","Hist","Hist","Medium",72,78,"medLowCatch",10.1233484106467
"420","Sim","Hist-Hist","Hist","Hist","Medium",72,78,"Q1LowCatch",0
"421","Sim","Hist-Hist","Hist","Hist","Medium",72,78,"Q2LowCatch",18.3085618364891
"422","Sim","Hist-Hist","Hist","Hist","Medium",72,78,"medProbCritBmsy",0.0142857142857143
"423","Sim","Hist-Hist","Hist","Hist","Medium",72,78,"medProbCautBmsy",0.0442857142857143
"424","Sim","Hist-Hist","Hist","Hist","Medium",72,78,"medProbHealBmsy",0.941428571428571
"425","Sim","Hist-Hist","Hist","Hist","Medium",72,78,"medProbCritB0",0.308571428571429
"426","Sim","Hist-Hist","Hist","Hist","Medium",72,78,"medProbCautB0",0.162857142857143
"427","Sim","Hist-Hist","Hist","Hist","Medium",72,78,"medProbHealB0",0.528571428571429
"428","Sim","Hist-Hist","Hist","Hist","Medium",72,78,"probFtGtFmsy",0.135714285714286
"429","Sim","Hist-Hist","Hist","Hist","Medium",72,78,"yearAtDepProb",NA
"430","Sim","Hist-Hist","Hist","Hist","Medium",72,78,"probAtDepYear",NA
"431","Sim","Hist-Hist","Hist","Hist","Medium",72,78,"depAtYearProb",NA
"432","Sim","Hist-Hist","Hist","Hist","Medium",72,78,"probGteDmsy",NA
"433","Sim","Hist-Hist","Hist","Hist","Medium",72,78,"probGteLimit",NA
"434","Sim","Hist-Hist","Hist","Hist","Medium",72,78,"omittedReps",NA
"435","Sim","Hist-Hist","Hist","Hist","Long",65,84,"medAvgDep",0.838313637715777
"436","Sim","Hist-Hist","Hist","Hist","Long",65,84,"Q1AvgDep",0.488349869892371
"437","Sim","Hist-Hist","Hist","Hist","Long",65,84,"Q2AvgDep",1.21750752367229
"438","Sim","Hist-Hist","Hist","Hist","Long",65,84,"medFinalDep",0.559793685102341
"439","Sim","Hist-Hist","Hist","Hist","Long",65,84,"Q1finalDep",0.143985551449656
"440","Sim","Hist-Hist","Hist","Hist","Long",65,84,"Q2finalDep",1.72665743387036
"441","Sim","Hist-Hist","Hist","Hist","Long",65,84,"medLowDep",0.162222758324078
"442","Sim","Hist-Hist","Hist","Hist","Long",65,84,"Q1LowDep",0.051458081055531
"443","Sim","Hist-Hist","Hist","Hist","Long",65,84,"Q2LowDep",0.350076863378816
"444","Sim","Hist-Hist","Hist","Hist","Long",65,84,"medAAV",25.3588922720673
"445","Sim","Hist-Hist","Hist","Hist","Long",65,84,"Q1AAV",18.389527139917
"446","Sim","Hist-Hist","Hist","Hist","Long",65,84,"Q2AAV",35.2304983674363
"447","Sim","Hist-Hist","Hist","Hist","Long",65,84,"medAvgCatch",13.0473138977438
"448","Sim","Hist-Hist","Hist","Hist","Long",65,84,"Q1AvgCatch",7.92390748030456
"449","Sim","Hist-Hist","Hist","Hist","Long",65,84,"Q2AvgCatch",18.416364643276
"450","Sim","Hist-Hist","Hist","Hist","Long",65,84,"medLowCatch",0
"451","Sim","Hist-Hist","Hist","Hist","Long",65,84,"Q1LowCatch",0
"452","Sim","Hist-Hist","Hist","Hist","Long",65,84,"Q2LowCatch",6.40572130202114
"453","Sim","Hist-Hist","Hist","Hist","Long",65,84,"medProbCritBmsy",0.047
"454","Sim","Hist-Hist","Hist","Hist","Long",65,84,"medProbCautBmsy",0.095
"455","Sim","Hist-Hist","Hist","Hist","Long",65,84,"medProbHealBmsy",0.858
"456","Sim","Hist-Hist","Hist","Hist","Long",65,84,"medProbCritB0",0.5695
"457","Sim","Hist-Hist","Hist","Hist","Long",65,84,"medProbCautB0",0.1185
"458","Sim","Hist-Hist","Hist","Hist","Long",65,84,"medProbHealB0",0.312
"459","Sim","Hist-Hist","Hist","Hist","Long",65,84,"probFtGtFmsy",0.206
"460","Sim","Hist-Hist","Hist","Hist","Long",65,84,"yearAtDepProb",NA
"461","Sim","Hist-Hist","Hist","Hist","Long",65,84,"probAtDepYear",NA
"462","Sim","Hist-Hist","Hist","Hist","Long",65,84,"depAtYearProb",NA
"463","Sim","Hist-Hist","Hist","Hist","Long",65,84,"probGteDmsy",NA
"464","Sim","Hist-Hist","Hist","Hist","Long",65,84,"probGteLimit",NA
"465","Sim","Hist-Hist","Hist","Hist","Long",65,84,"omittedReps",NA
"466","Sim","Hist-ccRule","Hist","ccRule","Short",65,71,"medAvgDep",0.72726793575437
"467","Sim","Hist-ccRule","Hist","ccRule","Short",65,71,"Q1AvgDep",0.411364501183039
"468","Sim","Hist-ccRule","Hist","ccRule","Short",65,71,"Q2AvgDep",1.03051130689228
"469","Sim","Hist-ccRule","Hist","ccRule","Short",65,71,"medFinalDep",1.21625873967037
"470","Sim","Hist-ccRule","Hist","ccRule","Short",65,71,"Q1finalDep",0.650561271598311
"471","Sim","Hist-ccRule","Hist","ccRule","Short",65,71,"Q2finalDep",1.93890322407208
"472","Sim","Hist-ccRule","Hist","ccRule","Short",65,71,"medLowDep",0.350110214522314
"473","Sim","Hist-ccRule","Hist","ccRule","Short",65,71,"Q1LowDep",0.26771313659232
"474","Sim","Hist-ccRule","Hist","ccRule","Short",65,71,"Q2LowDep",0.353148758884446
"475","Sim","Hist-ccRule","Hist","ccRule","Short",65,71,"medAAV",36.2914094202044
"476","Sim","Hist-ccRule","Hist","ccRule","Short",65,71,"Q1AAV",22.7761991295694
"477","Sim","Hist-ccRule","Hist","ccRule","Short",65,71,"Q2AAV",55.0317006565895
"478","Sim","Hist-ccRule","Hist","ccRule","Short",65,71,"medAvgCatch",3.95725335033141
"479","Sim","Hist-ccRule","Hist","ccRule","Short",65,71,"Q1AvgCatch",2.28754783238696
"480","Sim","Hist-ccRule","Hist","ccRule","Short",65,71,"Q2AvgCatch",5.72322408994262
"481","Sim","Hist-ccRule","Hist","ccRule","Short",65,71,"medLowCatch",1.58629846290657
"482","Sim","Hist-ccRule","Hist","ccRule","Short",65,71,"Q1LowCatch",1.14076943318305
"483","Sim","Hist-ccRule","Hist","ccRule","Short",65,71,"Q2LowCatch",2.14736603381345
"484","Sim","Hist-ccRule","Hist","ccRule","Short",65,71,"medProbCritBmsy",0
"485","Sim","Hist-ccRule","Hist","ccRule","Short",65,71,"medProbCautBmsy",0.0257142857142857
"486","Sim","Hist-ccRule","Hist","ccRule","Short",65,71,"medProbHealBmsy",0.974285714285714
"487","Sim","Hist-ccRule","Hist","ccRule","Short",65,71,"medProbCritB0",0.648571428571429
"488","Sim","Hist-ccRule","Hist","ccRule","Short",65,71,"medProbCautB0",0.13
"489","Sim","Hist-ccRule","Hist","ccRule","Short",65,71,"medProbHealB0",0.221428571428571
"490","Sim","Hist-ccRule","Hist","ccRule","Short",65,71,"probFtGtFmsy",0
"491","Sim","Hist-ccRule","Hist","ccRule","Short",65,71,"yearAtDepProb",NA
"492","Sim","Hist-ccRule","Hist","ccRule","Short",65,71,"probAtDepYear",NA
"493","Sim","Hist-ccRule","Hist","ccRule","Short",65,71,"depAtYearProb",NA
"494","Sim","Hist-ccRule","Hist","ccRule","Short",65,71,"probGteDmsy",NA
"495","Sim","Hist-ccRule","Hist","ccRule","Short",65,71,"probGteLimit",NA
"496","Sim","Hist-ccRule","Hist","ccRule","Short",65,71,"omittedReps",NA
"497","Sim","Hist-ccRule","Hist","ccRule","Medium",72,78,"medAvgDep",1.80614207111804
"498","Sim","Hist-ccRule","Hist","ccRule","Medium",72,78,"Q1AvgDep",0.899501793122141
"499","Sim","Hist-ccRule","Hist","ccRule","Medium",72,78,"Q2AvgDep",2.7008138576234
"500","Sim","Hist-ccRule","Hist","ccRule","Medium",72,78,"medFinalDep",1.68401112915133
"501","Sim","Hist-ccRule","Hist","ccRule","Medium",72,78,"Q1finalDep",0.813490228382032
"502","Sim","Hist-ccRule","Hist","ccRule","Medium",72,78,"Q2finalDep",2.91545257501167
"503","Sim","Hist-ccRule","Hist","ccRule","Medium",72,78,"medLowDep",1.18775047779421
"504","Sim","Hist-ccRule","Hist","ccRule","Medium",72,78,"Q1LowDep",0.475596343379051
"505","Sim","Hist-ccRule","Hist","ccRule","Medium",72,78,"Q2LowDep",1.86262121056587
"506","Sim","Hist-ccRule","Hist","ccRule","Medium",72,78,"medAAV",38.476277517325
"507","Sim","Hist-ccRule","Hist","ccRule","Medium",72,78,"Q1AAV",26.0401598519808
"508","Sim","Hist-ccRule","Hist","ccRule","Medium",72,78,"Q2AAV",54.6405954130072
"509","Sim","Hist-ccRule","Hist","ccRule","Medium",72,78,"medAvgCatch",11.59432859461
"510","Sim","Hist-ccRule","Hist","ccRule","Medium",72,78,"Q1AvgCatch",6.13679563329136
"511","Sim","Hist-ccRule","Hist","ccRule","Medium",72,78,"Q2AvgCatch",18.7592929011664
"512","Sim","Hist-ccRule","Hist","ccRule","Medium",72,78,"medLowCatch",5.71007370349677
"513","Sim","Hist-ccRule","Hist","ccRule","Medium",72,78,"Q1LowCatch",2.16960285894454
"514","Sim","Hist-ccRule","Hist","ccRule","Medium",72,78,"Q2LowCatch",9.59318283256837
"515","Sim","Hist-ccRule","Hist","ccRule","Medium",72,78,"medProbCritBmsy",0
"516","Sim","Hist-ccRule","Hist","ccRule","Medium",72,78,"medProbCautBmsy",0
"517","Sim","Hist-ccRule","Hist","ccRule","Medium",72,78,"medProbHealBmsy",1
"518","Sim","Hist-ccRule","Hist","ccRule","Medium",72,78,"medProbCritB0",0.0771428571428571
"519","Sim","Hist-ccRule","Hist","ccRule","Medium",72,78,"medProbCautB0",0.0757142857142857
"520","Sim","Hist-ccRule","Hist","ccRule","Medium",72,78,"medProbHealB0",0.847142857142857
"521","Sim","Hist-ccRule","Hist","ccRule","Medium",72,78,"probFtGtFmsy",0
"522","Sim","Hist-ccRule","Hist","ccRule","Medium",72,78,"yearAtDepProb",NA
"523","Sim","Hist-ccRule","Hist","ccRule","Medium",72,78,"probAtDepYear",NA
"524","Sim","Hist-ccRule","Hist","ccRule","Medium",72,78,"depAtYearProb",NA
"525","Sim","Hist-ccRule","Hist","ccRule","Medium",72,78,"probGteDmsy",NA
"526","Sim","Hist-ccRule","Hist","ccRule","Medium",72,78,"probGteLimit",NA
"527","Sim","Hist-ccRule","Hist","ccRule","Medium",72,78,"omittedReps",NA
"528","Sim","Hist-ccRule","Hist","ccRule","Long",65,84,"medAvgDep",1.28705958661772
"529","Sim","Hist-ccRule","Hist","ccRule","Long",65,84,"Q1AvgDep",0.842132452464457
"530","Sim","Hist-ccRule","Hist","ccRule","Long",65,84,"Q2AvgDep",1.81801071413138
"531","Sim","Hist-ccRule","Hist","ccRule","Long",65,84,"medFinalDep",1.11466006964589
"532","Sim","Hist-ccRule","Hist","ccRule","Long",65,84,"Q1finalDep",0.502217001699898
"533","Sim","Hist-ccRule","Hist","ccRule","Long",65,84,"Q2finalDep",2.66056419424149
"534","Sim","Hist-ccRule","Hist","ccRule","Long",65,84,"medLowDep",0.349919967219011
"535","Sim","Hist-ccRule","Hist","ccRule","Long",65,84,"Q1LowDep",0.25661687376559
"536","Sim","Hist-ccRule","Hist","ccRule","Long",65,84,"Q2LowDep",0.353070539794677
"537","Sim","Hist-ccRule","Hist","ccRule","Long",65,84,"medAAV",44.7624023137798
"538","Sim","Hist-ccRule","Hist","ccRule","Long",65,84,"Q1AAV",35.6795412202635
"539","Sim","Hist-ccRule","Hist","ccRule","Long",65,84,"Q2AAV",56.8954734158989
"540","Sim","Hist-ccRule","Hist","ccRule","Long",65,84,"medAvgCatch",8.36127903104327
"541","Sim","Hist-ccRule","Hist","ccRule","Long",65,84,"Q1AvgCatch",5.00244794199309
"542","Sim","Hist-ccRule","Hist","ccRule","Long",65,84,"Q2AvgCatch",12.1045464347052
"543","Sim","Hist-ccRule","Hist","ccRule","Long",65,84,"medLowCatch",0
"544","Sim","Hist-ccRule","Hist","ccRule","Long",65,84,"Q1LowCatch",0
"545","Sim","Hist-ccRule","Hist","ccRule","Long",65,84,"Q2LowCatch",1.70493760101559
"546","Sim","Hist-ccRule","Hist","ccRule","Long",65,84,"medProbCritBmsy",0
"547","Sim","Hist-ccRule","Hist","ccRule","Long",65,84,"medProbCautBmsy",0.0135
"548","Sim","Hist-ccRule","Hist","ccRule","Long",65,84,"medProbHealBmsy",0.9865
"549","Sim","Hist-ccRule","Hist","ccRule","Long",65,84,"medProbCritB0",0.3435
"550","Sim","Hist-ccRule","Hist","ccRule","Long",65,84,"medProbCautB0",0.1105
"551","Sim","Hist-ccRule","Hist","ccRule","Long",65,84,"medProbHealB0",0.546
"552","Sim","Hist-ccRule","Hist","ccRule","Long",65,84,"probFtGtFmsy",0
"553","Sim","Hist-ccRule","Hist","ccRule","Long",65,84,"yearAtDepProb",NA
"554","Sim","Hist-ccRule","Hist","ccRule","Long",65,84,"probAtDepYear",NA
"555","Sim","Hist-ccRule","Hist","ccRule","Long",65,84,"depAtYearProb",NA
"556","Sim","Hist-ccRule","Hist","ccRule","Long",65,84,"probGteDmsy",NA
"557","Sim","Hist-ccRule","Hist","ccRule","Long",65,84,"probGteLimit",NA
"558","Sim","Hist-ccRule","Hist","ccRule","Long",65,84,"omittedReps",NA
